INSERT INTO DEPARTMENT VALUES("DP30","Research and Development");
INSERT INTO DEPARTMENT VALUES("DP90","Sales");
INSERT INTO DEPARTMENT VALUES("DP42","Sales");
INSERT INTO DEPARTMENT VALUES("DP21","Human Resources");
INSERT INTO DEPARTMENT VALUES("DP22","Support");
INSERT INTO DEPARTMENT VALUES("DP86","Product Management");
INSERT INTO DEPARTMENT VALUES("DP61","Engineering");
INSERT INTO DEPARTMENT VALUES("DP38","Accounting");
INSERT INTO DEPARTMENT VALUES("DP45","Legal");
INSERT INTO DEPARTMENT VALUES("DP98","Human Resources");
INSERT INTO DEPARTMENT VALUES("DP10","Product Management");
INSERT INTO DEPARTMENT VALUES("DP92","Research and Development");
INSERT INTO DEPARTMENT VALUES("DP99","Support");
INSERT INTO DEPARTMENT VALUES("DP91","Support");
INSERT INTO DEPARTMENT VALUES("DP48","Human Resources");
INSERT INTO DEPARTMENT VALUES("DP17","Training");
INSERT INTO DEPARTMENT VALUES("DP12","Support");
INSERT INTO DEPARTMENT VALUES("DP13","Accounting");
INSERT INTO DEPARTMENT VALUES("DP35","Support");
INSERT INTO DEPARTMENT VALUES("DP57","Marketing");
INSERT INTO EMPLOYEE VALUES("EM00","Darwin","Bonner","24 Cherokee Way","06/07/1974","M","Analyst Programmer","DP35");
INSERT INTO EMPLOYEE VALUES("EM11","Etheline","Figgess","02 Autumn Leaf Point","11/29/1969","F","GIS Technical Architect","DP91");
INSERT INTO EMPLOYEE VALUES("EM75","Yolande","Josefovic","9211 Golf Course Place","9/26/1977","F","Geological Engineer","DP92");
INSERT INTO EMPLOYEE VALUES("EM80","Analiese","Pavolini","28 Continental Junction","12/05/1978","F","Sales Representative","DP91");
INSERT INTO EMPLOYEE VALUES("EM35","Zechariah","Cholonin","1 Hoepker Hill","3/19/1993","M","Nurse Practicioner","DP12");
INSERT INTO EMPLOYEE VALUES("EM37","Nickola","Burgett","8649 Lakewood Terrace","3/19/1968","M","Research Nurse","DP45");
INSERT INTO EMPLOYEE VALUES("EM15","Simon","Stiffkins","702 Evergreen Alley","01/02/1989","M","Accountant I","DP35");
INSERT INTO EMPLOYEE VALUES("EM18","Ingra","Boultwood","85 Independence Court","2/23/1968","M","Actuary","DP17");
INSERT INTO EMPLOYEE VALUES("EM32","Rosene","Thies","5437 Mitchell Crossing","10/09/2002","F","Graphic Designer","DP12");
INSERT INTO EMPLOYEE VALUES("EM33","Claudius","MacKain","7 Thackeray Avenue","03/12/1991","M","Quality Control Specialist","DP35");
INSERT INTO EMPLOYEE VALUES("EM59","Susannah","Waszczykowski","1611 Green Street","4/18/1997","F","VP Sales","DP98");
INSERT INTO EMPLOYEE VALUES("EM20","Warner","Strelitz","828 Ridgeview Crossing","3/17/1993","M","Project Manager","DP45");
INSERT INTO EMPLOYEE VALUES("EM91","Shae","Suston","80475 Oneill Way","1/26/1972","F","Product Engineer","DP17");
INSERT INTO EMPLOYEE VALUES("EM38","Thoma","Skentelbury","6855 Forest Run Center","10/04/1980","M","Pharmacist","DP17");
INSERT INTO EMPLOYEE VALUES("EM52","Merridie","Mityukov","35481 Donald Place","12/05/1972","F","Clinical Specialist","DP35");
INSERT INTO EMPLOYEE VALUES("EM64","Pet","Iacovini","92 Mandrake Pass","8/22/1997","F","Assistant Manager","DP86");
INSERT INTO EMPLOYEE VALUES("EM72","Lorenzo","Milham","9390 Westend Lane","11/14/1986","M","Sales Representative","DP35");
INSERT INTO EMPLOYEE VALUES("EM23","Tonie","Helsdon","66 Rutledge Way","09/06/1968","F","Senior Financial Analyst","DP38");
INSERT INTO EMPLOYEE VALUES("EM07","Hewett","Klugman","99 Cascade Street","11/13/1973","M","Recruiter","DP99");
INSERT INTO EMPLOYEE VALUES("EM50","Saraann","Iori","15 Calypso Avenue","12/26/1972","F","Staff Accountant II","DP12");
INSERT INTO PROJECTT VALUES("PJ14","Job","DP48");
INSERT INTO PROJECTT VALUES("PJ22","Ventosanzap","DP98");
INSERT INTO PROJECTT VALUES("PJ12","Fix San","DP45");
INSERT INTO PROJECTT VALUES("PJ41","Opela","DP42");
INSERT INTO PROJECTT VALUES("PJ58","Sonsing","DP98");
INSERT INTO PROJECTT VALUES("PJ25","Kanlam","DP30");
INSERT INTO PROJECTT VALUES("PJ87","Bigtax","DP22");
INSERT INTO PROJECTT VALUES("PJ49","Vagram","DP99");
INSERT INTO PROJECTT VALUES("PJ82","Tampflex","DP90");
INSERT INTO PROJECTT VALUES("PJ54","Gembucket","DP10");
INSERT INTO PROJECTT VALUES("PJ59","Otcom","DP86");
INSERT INTO PROJECTT VALUES("PJ06","Bytecard","DP48");
INSERT INTO PROJECTT VALUES("PJ18","Bitwolf","DP98");
INSERT INTO PROJECTT VALUES("PJ42","Bamity","DP45");
INSERT INTO PROJECTT VALUES("PJ36","Kanlam","DP21");
INSERT INTO PROJECTT VALUES("PJ76","Bytecard","DP22");
INSERT INTO PROJECTT VALUES("PJ32","Sonair","DP99");
INSERT INTO PROJECTT VALUES("PJ70","Bytecard","DP38");
INSERT INTO PROJECTT VALUES("PJ96","Sub-Ex","DP21");
INSERT INTO PROJECTT VALUES("PJ27","Cardguard","DP38");
INSERT INTO WORKSON VALUES("EM18","PJ42","9/2/2013",10.2);
INSERT INTO WORKSON VALUES("EM72","PJ06","11/25/2013",3.7);
INSERT INTO WORKSON VALUES("EM64","PJ58","9/6/2020",7.2);
INSERT INTO WORKSON VALUES("EM91","PJ76","4/9/2015",6.9);
INSERT INTO WORKSON VALUES("EM52","PJ06","10/4/2014",7.9);
INSERT INTO WORKSON VALUES("EM00","PJ06","10/20/2011",11.9);
INSERT INTO WORKSON VALUES("EM11","PJ25","3/12/2017",10.9);
INSERT INTO WORKSON VALUES("EM64","PJ54","12/7/2019",1.8);
INSERT INTO WORKSON VALUES("EM35","PJ82","10/25/2016",7.2);
INSERT INTO WORKSON VALUES("EM35","PJ32","1/8/2015",8.6);
INSERT INTO WORKSON VALUES("EM35","PJ87","8/26/2010",7.5);
INSERT INTO WORKSON VALUES("EM38","PJ87","12/24/2017",3.2);
INSERT INTO WORKSON VALUES("EM38","PJ42","9/27/2013",5.7);
INSERT INTO WORKSON VALUES("EM07","PJ87","7/29/2020",10.0);
INSERT INTO WORKSON VALUES("EM91","PJ36","10/23/2013",10.2);
INSERT INTO WORKSON VALUES("EM20","PJ59","11/13/2011",9.5);
INSERT INTO WORKSON VALUES("EM80","PJ25","7/17/2016",5.2);
INSERT INTO WORKSON VALUES("EM32","PJ14","1/29/2014",7.8);
INSERT INTO WORKSON VALUES("EM20","PJ32","10/25/2019",11.4);
INSERT INTO WORKSON VALUES("EM15","PJ25","8/26/2017",12.5);
